{
  "load_time_sec": 0.2344515323638916,
  "fold_time_sec": 7.085880517959595,
  "prmsd_available": true
}