{
  "load_time_sec": 0.5029265880584717,
  "fold_time_sec": 11.987990856170654,
  "prmsd_available": true
}